province,total
Kayah,286738
Chin,478690
Naypyitaw,1159341
Tanintharyi,1406434
Kayin,1572657
Kachin,1689654
Mon,2050282,570432
Rakhine,3188963
Magway,3912711
Bago,5320299
Sagaing,5320299
Shan,5815384
Mandalay,6145588
Ayeyarwady,6175123
Yangon,7355075
